<?xml version="1.0"?>
<data grt_format="2.0">
  <value _ptr_="0000021702B3DC90" type="list" content-type="object" content-struct-name="db.mgmt.Connection">
    <value type="object" struct-name="db.mgmt.Connection" id="{05BBD242-4A5C-4C37-B579-E352DE21C09C}" struct-checksum="0x96ba47d8">
      <link type="object" struct-name="db.mgmt.Driver" key="driver">com.mysql.rdbms.mysql.driver.native</link>
      <value type="string" key="hostIdentifier">Mysql@localhost:3306</value>
      <value type="int" key="isDefault">1</value>
      <value _ptr_="0000021702555200" type="dict" key="modules"/>
      <value _ptr_="00000217025555C0" type="dict" key="parameterValues">
        <value type="string" key=""></value>
        <value type="string" key="DbSqlEditor:LastDefaultSchema"></value>
        <value type="string" key="SQL_MODE"></value>
        <value type="string" key="hostName">localhost</value>
        <value type="int" key="lastConnected">1676487436</value>
        <value type="string" key="password"></value>
        <value type="int" key="port">3306</value>
        <value type="string" key="schema"></value>
        <value type="string" key="serverVersion">8.0.31</value>
        <value type="string" key="sslCA"></value>
        <value type="string" key="sslCert"></value>
        <value type="string" key="sslCipher"></value>
        <value type="string" key="sslKey"></value>
        <value type="int" key="useSSL">1</value>
        <value type="string" key="userName">root</value>
      </value>
      <value type="string" key="name">Local instance MySQL80</value>
      <link type="object" struct-name="GrtObject" key="owner">{CDA6373F-4703-4030-8F99-C5D5B8FEA19C}</link>
    </value>
  </value>
</data>
